train_loss,val_loss,train accuracy,val accuracy
0.3006796987658759,0.22273878492647575,0.6648771729809716,0.6825377397076773
0.21204760083586077,0.21902442680643563,0.6932593863330854,0.6674269790572199
