model,Exact Match Ratio,Hamming loss,Recall,Precision,F1
DenseNet,0.47368421052631576,0.47368421052631576,0.483942908117752,0.48669342848647046,0.4838537020517395
ResNet152,0.5013380909901873,0.5013380909901873,0.5022301516503123,0.5019327980969372,0.5020517395182872
ResNet18,0.47368421052631576,0.47368421052631576,0.47636039250669043,0.4748736247398156,0.4753196550698781
effnet,0.52007136485281,0.52007136485281,0.52007136485281,0.52007136485281,0.52007136485281
vit,0.5209634255129348,0.5209634255129348,0.5209634255129348,0.5209634255129348,0.5209634255129348
