model,accuracy,precision (macro),precision (micro),recall (macro),recall (micro),F1 (macro),F1 (micro)
densenet,0.7872939284278246,0.842185603151786,0.7872939284278246,0.787615883648187,0.7872939284278246,0.7905556247051204,0.7872939284278246
resnet152,0.914756735022115,0.9135391668684985,0.914756735022115,0.9149797341567457,0.914756735022115,0.9135170308858263,0.914756735022115
resnet18,0.9324487334137516,0.9364395683829028,0.9324487334137516,0.9325769717023341,0.9324487334137516,0.9328405392071432,0.9324487334137516
effnet,0.8584640128669079,0.8630447425545247,0.8584640128669079,0.8587323811714442,0.8584640128669079,0.857215037974966,0.8584640128669079
vit,0.8942501005227181,0.9126124612386575,0.8942501005227181,0.8941786421262681,0.8942501005227181,0.8956732169849325,0.8942501005227181
